{
    "metrics_fairod": {
        "auc": 0.751926166100125,
        "auc_ratio": 0.9803558548930957,
        "ap_ratio": 0.3248112666281888,
        "precision_ratio": 0.4596709470304976,
        "fairness": 0.3641699459747882,
        "group_fidelity": 1.1889139413833618
    },
    "metrics_fsgod": {
        "auc": 0.8452823329112635,
        "auc_ratio": 1.0147802046369374,
        "ap_ratio": 0.3107859449263173,
        "precision_ratio": 0.2856756756756757,
        "fairness": 0.562017241600164,
        "group_fidelity": 7.20516691217199e-05
    }
}