{
    "metrics_fairod": {
        "auc": 0.5173975229513322,
        "auc_ratio": 1.2291882464553827,
        "ap_ratio": 1.901291223268495,
        "precision_ratio": 2.3957765075502135,
        "fairness": 0.8722582147305243,
        "group_fidelity": 1.6261987686157227
    },
    "metrics_fsgod": {
        "auc": 0.7903464557225491,
        "auc_ratio": 0.9953176319300324,
        "ap_ratio": 2.0533772676371735,
        "precision_ratio": 1.989516149448481,
        "fairness": 0.5941852237882234,
        "group_fidelity": 0.0003017625422216952
    }
}