{
    "metrics_fairod": {
        "auc": 0.7387197266606371,
        "auc_ratio": 0.8964929538799413,
        "ap_ratio": 0.3283242885318145,
        "precision_ratio": 0.24074074074074073,
        "fairness": 0.12900143334925943,
        "group_fidelity": 1.1890010833740234
    },
    "metrics_fsgod": {
        "auc": 0.7294241784745251,
        "auc_ratio": 0.5803914044512664,
        "ap_ratio": 1.7985802697497817,
        "precision_ratio": 0.5957446808510638,
        "fairness": 0.7298136645962733,
        "group_fidelity": 0.005738688167184591
    }
}