{
    "metrics_fairod": {
        "auc": 0.28625244805451355,
        "auc_ratio": 1.2481599366330725,
        "ap_ratio": 1.0045131240017704,
        "precision_ratio": 1.0294117647058825,
        "fairness": 0.002700616367587853,
        "group_fidelity": 1.0692447423934937
    },
    "metrics_fsgod": {
        "auc": 0.5845444388273129,
        "auc_ratio": 0.733321975428108,
        "ap_ratio": 1.00334604229595,
        "precision_ratio": 1.0064575381855496,
        "fairness": 0.49497031662269136,
        "group_fidelity": 8.812262967694551e-05
    }
}