{
    "metrics_fairod": {
        "auc": 0.30716532442618005,
        "auc_ratio": 0.17647460250940628,
        "ap_ratio": 1.0087079396219434,
        "precision_ratio": 1.0416666666666667,
        "fairness": 0.004692023725579659,
        "group_fidelity": 1.0637414455413818
    },
    "metrics_fsgod": {
        "auc": 0.6533298183280168,
        "auc_ratio": 0.14096132355151103,
        "ap_ratio": 1.0083535237413086,
        "precision_ratio": 1.0019270217475438,
        "fairness": 0.9525017412184668,
        "group_fidelity": 8.776275353739038e-05
    }
}