{
    "metrics_fairod": {
        "auc": 0.3450330688558506,
        "auc_ratio": 1.269227617971146,
        "ap_ratio": 1.00955113927351,
        "precision_ratio": 1.032258064516129,
        "fairness": 0.0009578245701470223,
        "group_fidelity": 1.0691009759902954
    },
    "metrics_fsgod": {
        "auc": 0.6878144720415631,
        "auc_ratio": 0.6510732775625704,
        "ap_ratio": 1.0080333209047299,
        "precision_ratio": 1.0062543943867674,
        "fairness": 0.6681362497285228,
        "group_fidelity": 8.73245153343305e-05
    }
}