{
    "metrics_fairod": {
        "auc": 0.22885449489991827,
        "auc_ratio": 2.308658213318813,
        "ap_ratio": 1.0031049586011047,
        "precision_ratio": 1.0,
        "fairness": 0.00367631808188493,
        "group_fidelity": 1.0682926177978516
    },
    "metrics_fsgod": {
        "auc": 0.5544947505091117,
        "auc_ratio": 1.0704681372430371,
        "ap_ratio": 1.0016820200176046,
        "precision_ratio": 0.9991849210392256,
        "fairness": 0.4330286606881755,
        "group_fidelity": 8.801739750197157e-05
    }
}