{
    "metrics_fairod": {
        "auc": 0.30375358453818313,
        "auc_ratio": 1.9164121917831707,
        "ap_ratio": 1.007393832102317,
        "precision_ratio": 1.037037037037037,
        "fairness": 0.011570918917637577,
        "group_fidelity": 1.0664916038513184
    },
    "metrics_fsgod": {
        "auc": 0.6482086881650994,
        "auc_ratio": 0.9938702696471918,
        "ap_ratio": 1.004706296960035,
        "precision_ratio": 1.006682690293813,
        "fairness": 0.44358223277534176,
        "group_fidelity": 8.79832950886339e-05
    }
}