{
    "metrics_fairod": {
        "auc": 0.3051669770042717,
        "auc_ratio": 1.1621209361624623,
        "ap_ratio": 1.0170910691634663,
        "precision_ratio": 1.0666666666666667,
        "fairness": 0.002797288044154874,
        "group_fidelity": 1.0716161727905273
    },
    "metrics_fsgod": {
        "auc": 0.5824946531616965,
        "auc_ratio": 0.6439154233667093,
        "ap_ratio": 1.019302571620981,
        "precision_ratio": 1.0164176712851845,
        "fairness": 0.5356632587566617,
        "group_fidelity": 8.722188067622483e-05
    }
}