{
    "metrics_fairod": {
        "auc": 0.6615954854371924,
        "auc_ratio": 0.9765807262637668,
        "ap_ratio": 2.5601666068032918,
        "precision_ratio": 2.6645222743259085,
        "fairness": 0.9464798542685112,
        "group_fidelity": 1.027430772781372
    },
    "metrics_fsgod": {
        "auc": 0.7822071572487476,
        "auc_ratio": 0.9701774973670045,
        "ap_ratio": 1.8583430779510932,
        "precision_ratio": 1.4679863721804511,
        "fairness": 0.5937567887556482,
        "group_fidelity": 0.0002534642699174583
    }
}