{
    "metrics_fairod": {
        "auc": 0.33868755165390096,
        "auc_ratio": 2.4859696492368504,
        "ap_ratio": 0.9992874027752955,
        "precision_ratio": 1.0,
        "fairness": 0.006915136188383567,
        "group_fidelity": 1.0709848403930664
    },
    "metrics_fsgod": {
        "auc": 0.6721722946371049,
        "auc_ratio": 1.2549448316202187,
        "ap_ratio": 1.0004057675609237,
        "precision_ratio": 0.9993729752325217,
        "fairness": 0.3082924401413137,
        "group_fidelity": 8.7912761955522e-05
    }
}